INSERT INTO PRODUCTS (ID, NAME) VALUES (35455, 'REMERA COLOR ROSA');
INSERT INTO PRODUCTS (ID, NAME) VALUES (35456, 'REMERA COLOR ROJO');
INSERT INTO PRODUCTS (ID, NAME) VALUES (35457, 'REMERA COLOR VERDE');
INSERT INTO PRODUCTS (ID, NAME) VALUES (35458, 'REMERA COLOR AZUL');

INSERT INTO BRANDS (ID, NAME) VALUES (1, 'ZARA');
INSERT INTO BRANDS (ID, NAME) VALUES (2, 'ROPACHICA');
INSERT INTO BRANDS (ID, NAME) VALUES (3, 'ROPAGRANDE');

INSERT INTO TARIFF (ID, PRIORITY, NAME) VALUES (1, 0, 'LISTA1');
INSERT INTO TARIFF (ID, PRIORITY, NAME) VALUES (2, 1, 'LISTA2');
INSERT INTO TARIFF (ID, PRIORITY, NAME) VALUES (3, 1, 'LISTA3');
INSERT INTO TARIFF (ID, PRIORITY, NAME) VALUES (4, 1, 'LISTA4');
INSERT INTO TARIFF (ID, PRIORITY, NAME) VALUES (5, 0, 'LISTA5');
INSERT INTO TARIFF (ID, PRIORITY, NAME) VALUES (6, 2, 'LISTA6');

INSERT INTO PRICES (BRAND_ID, START_DATE, END_DATE, PRICE_LIST, PRIORITY, PRODUCT_ID, PRICE, CURR)
VALUES (1, PARSEDATETIME('2020-06-14-00.00.00','yyyy-MM-dd-HH.mm.ss'), PARSEDATETIME('2020-12-31-23.59.59','yyyy-MM-dd-HH.mm.ss'), 1, 0, 35455, 35.50, 'EUR');
INSERT INTO PRICES (BRAND_ID, START_DATE, END_DATE, PRICE_LIST, PRIORITY, PRODUCT_ID, PRICE, CURR)
VALUES (1, PARSEDATETIME('2020-06-14-15.00.00','yyyy-MM-dd-HH.mm.ss'), PARSEDATETIME('2020-06-14-18.30.00','yyyy-MM-dd-HH.mm.ss'), 2, 1, 35455, 25.45, 'EUR');
INSERT INTO PRICES (BRAND_ID, START_DATE, END_DATE, PRICE_LIST, PRIORITY, PRODUCT_ID, PRICE, CURR)
VALUES (1, PARSEDATETIME('2020-06-15-00.00.00','yyyy-MM-dd-HH.mm.ss'), PARSEDATETIME('2020-06-15-11.00.00','yyyy-MM-dd-HH.mm.ss'), 3, 1, 35455, 30.50, 'EUR');
INSERT INTO PRICES (BRAND_ID, START_DATE, END_DATE, PRICE_LIST, PRIORITY, PRODUCT_ID, PRICE, CURR)
VALUES (1, PARSEDATETIME('2020-06-15-16.00.00','yyyy-MM-dd-HH.mm.ss'), PARSEDATETIME('2020-12-31-23.59.59','yyyy-MM-dd-HH.mm.ss'), 4, 1, 35455, 38.95, 'EUR');
INSERT INTO PRICES (BRAND_ID, START_DATE, END_DATE, PRICE_LIST, PRIORITY, PRODUCT_ID, PRICE, CURR)
VALUES (2, PARSEDATETIME('2020-06-14-00.00.00','yyyy-MM-dd-HH.mm.ss'), PARSEDATETIME('2020-12-31-23.59.59','yyyy-MM-dd-HH.mm.ss'), 1, 0, 35455, 15.50, 'EUR');
INSERT INTO PRICES (BRAND_ID, START_DATE, END_DATE, PRICE_LIST, PRIORITY, PRODUCT_ID, PRICE, CURR)
VALUES (2, PARSEDATETIME('2020-01-14-00.00.00','yyyy-MM-dd-HH.mm.ss'), PARSEDATETIME('2020-10-30-23.59.59','yyyy-MM-dd-HH.mm.ss'), 5, 0, 35456, 45.50, 'EUR');
INSERT INTO PRICES (BRAND_ID, START_DATE, END_DATE, PRICE_LIST, PRIORITY, PRODUCT_ID, PRICE, CURR)
VALUES (2, PARSEDATETIME('2020-10-14-00.00.00','yyyy-MM-dd-HH.mm.ss'), PARSEDATETIME('2020-11-31-23.59.59','yyyy-MM-dd-HH.mm.ss'), 6, 2, 35457, 29.50, 'EUR');
INSERT INTO PRICES (BRAND_ID, START_DATE, END_DATE, PRICE_LIST, PRIORITY, PRODUCT_ID, PRICE, CURR)
VALUES (3, PARSEDATETIME('2019-06-14-00.00.00','yyyy-MM-dd-HH.mm.ss'), PARSEDATETIME('2020-01-30-23.59.59','yyyy-MM-dd-HH.mm.ss'), 4, 1, 35455, 18.50, 'EUR');
INSERT INTO PRICES (BRAND_ID, START_DATE, END_DATE, PRICE_LIST, PRIORITY, PRODUCT_ID, PRICE, CURR)
VALUES (3, PARSEDATETIME('2020-01-01-00.00.00','yyyy-MM-dd-HH.mm.ss'), PARSEDATETIME('2020-12-31-23.59.59','yyyy-MM-dd-HH.mm.ss'), 1, 0, 35457, 35.00, 'EUR');
INSERT INTO PRICES (BRAND_ID, START_DATE, END_DATE, PRICE_LIST, PRIORITY, PRODUCT_ID, PRICE, CURR)
VALUES (3, PARSEDATETIME('2020-06-14-00.00.00','yyyy-MM-dd-HH.mm.ss'), PARSEDATETIME('2020-12-31-23.59.59','yyyy-MM-dd-HH.mm.ss'), 6, 2, 35458, 37.58, 'EUR');
